,cholesterol,lactic acid,N-methylalanine,phenylalanine,aspartic acid,deoxypentitol,glutamic acid,malic acid,phenol,taurine,Class
0,0.12363210260798396,0.09492317941789748,-0.18654578840607913,-0.34384374498877757,-0.41338923962595503,-1.2678603015927703,-0.21188127183852287,0.470533442551311,-0.12136239002162334,0.005331433049303554,disease
1,1.163621297950647,0.6762473068449368,-1.1367069724071037,0.2994297475315274,0.17639156767707104,0.00795536754289426,-0.47797660975282774,-0.3187083990623033,0.44694979045103894,0.8574269057805589,disease
2,1.3356574731281414,1.6341939836610149,-0.7192193970226786,-0.8552265595456968,-0.14177483427384668,0.5737016823632342,0.7515837799299083,-0.12776279222029982,1.341798309337089,0.03560441745145892,disease
3,1.0497093183223118,0.26456006236450996,1.6322070710839154,-0.053586193485713106,0.2823248512759365,-0.03822800509550083,-0.3123215514448168,0.06318281462170365,0.25102798740300625,0.7830800176164421,disease
4,-0.7568135666415816,-0.8277382696332617,0.8558136582464497,-0.04132869553372559,-0.5574438432742391,-0.6155201630754396,-0.8030984626964238,0.1268313502357048,-1.4719722663527426,-0.7452605037453133,disease
5,-0.3163761636164943,0.5047043915056658,-0.5036781502877947,-0.00136925221024628,0.32007962017103386,-0.2575990251278775,-0.4589357984530564,0.8651543633581182,0.5108675418000426,0.05118610059962712,disease
6,0.04700734276590154,0.9484633876509923,-0.268856837904607,0.49211761533677123,0.7779020119183797,1.0413083303269846,1.2314122246841468,-0.05138454948349843,0.4872457641275847,2.9346878649049253,disease
7,-0.9142590905983683,-0.5727079850287806,-0.6796705444107732,-0.7302000804354241,-0.7718762685522195,-1.250541536853372,-0.8935423163703378,-0.3696272275535042,-0.4284454997635753,-0.24130435163884453,disease
8,-0.6933490020181767,-0.6296999288026541,0.09944185204376099,0.22367841018824455,-0.6498147341632153,-0.45965128042085607,-0.739787765124684,-0.30597869193950306,-0.3895390424207036,-1.5136600784235508,disease
9,-1.290993519666379,0.526552878519033,-1.0037239554995723,-0.22911356415817438,0.05249727751646022,-0.2806907114470751,-0.6086441772975087,1.0433702630773214,3.0258921057499664,0.716301375552864,disease
10,1.3259303723143363,0.30034936481178487,-1.0012521522113282,-0.6186568490723376,0.47806316768352874,0.8508019181936047,0.6173460602665202,0.5596413924109127,0.5692272278143502,0.8173597205424121,disease
11,0.4340887369152638,1.7597715889029495,0.1241598849262018,0.7745303681505636,1.0282564503198508,0.9027582124117992,0.5359465919599976,0.6360196351477141,1.1403184409543605,0.5284307958806645,disease
12,1.1386359997818536,1.0034862896969126,0.31300565614804954,-0.40586668462583436,0.3032182670722525,0.6545225844804256,0.5152397096714962,0.30504724995490806,0.8832579192246721,0.9420131857277577,disease
13,-0.5236015564439307,-1.709947725425353,-0.5288905438278844,-0.26784725768645495,-0.6970998330706674,0.37742234865005503,0.05826023847698342,-0.22960044920270167,-1.6984634287416032,-1.152610220333139,disease
14,-0.10791104225396515,0.7455260710012375,-0.7026583149914432,0.864500403118152,0.8618422262579651,1.3241814877371545,1.387546877342272,-0.1532222064659003,0.6136917504919179,2.0198204686339065,disease
15,0.7014409636947013,0.2982700567470664,-1.4884445803242365,-0.36100424212156007,-0.28253047753323884,0.32546605443186055,-0.3608756202592338,1.3234238197789265,0.32745138575507576,-0.46612577991955717,disease
16,-0.18115038955790952,0.34447165185175715,-0.7389938233286312,0.9809466336620334,0.6774669956343343,-1.3948645763483567,0.19035586686914727,-0.5351134201499073,0.2260166933968744,1.8996189129194663,disease
17,0.40023461153388323,0.32364706653692554,-0.6930182821672913,-0.5338349632445841,-0.21728437206404144,-0.7136598299320291,-0.5260546582847504,-1.2861661403951208,0.30660864074996586,0.23371438890674034,disease
18,-0.7241991697952939,0.4722073268275284,-1.1698291364695745,0.8407208570912962,0.8867677047518159,0.4178327997086507,0.5545113829772746,-0.3950866417991047,0.25102798740300625,1.8528738634749617,disease
19,-0.7587208413109552,2.3425764357094097,-0.48810578957185696,1.6541284211851879,1.3607183472893005,1.508914978290735,1.6196067650582355,2.8637183816377543,1.7433685297688726,0.5079520123145007,disease
20,-1.455686687366785,1.0229561743029125,-0.42828814999635023,0.16802936948622121,1.2588171263879697,1.676329704104917,1.8811799102888447,1.450720891006929,0.6345344954970278,1.957493736041234,disease
21,-0.9055333089859843,1.1915691555509895,-0.013025197571344679,0.4626996202520012,2.142205408302384,1.5666441940887288,1.5850952945774,0.38142549269170944,0.8582466252185403,0.8382836950556666,disease
22,-0.2500983688557634,2.2238826003483987,-1.4093468751004259,2.0346011576148806,2.2074515137715816,1.3241814877371545,1.6833934829124697,2.0617468329013398,1.3890418646820049,0.33877945242010304,disease
23,-1.4296047062631019,-1.396176987992576,-0.3902223793573914,-1.0572301257944512,-0.5138242559100005,1.1163563108643766,0.13704159522978746,-0.7769778554831116,-1.3455262799884093,-1.571089710598228,disease
24,-0.64623931768465,4.031132107599016,-0.5224638552784497,1.7605235034084397,3.7191084741927622,5.330589064117929,4.933183951500948,5.791551019881808,2.5006549316211975,1.8595517276813196,disease
25,0.3525050629328101,0.038435310326379944,0.8617459861382355,-0.41836933253686165,-0.21105300244057876,-0.29223655460667386,-0.6331592218459644,-0.5987619557639083,0.030094890348841677,1.1316645291883192,disease
26,2.5667079084753,-0.732326383663568,-1.5551832691068266,1.0135515782143203,-0.5783372590705552,-0.338419927245069,-0.48273681257777057,0.06318281462170365,-0.5993560088054762,-1.0537778300790437,disease
27,0.8425316073616098,0.2538012183629744,-0.7864524464629176,-0.07466908996313164,0.34903716136241925,0.1638242501974777,-0.18236801432387725,0.31777695707770826,0.14681426237745693,0.769279098256636,disease
28,-0.868055361732794,0.46021980078775016,-0.4406471664375706,-0.8079126174510249,0.26033178201665647,-0.26337194670767694,-0.2844743649189012,-0.522383713027107,1.5585628573902317,1.177519196738643,disease
29,-0.3988657930669004,0.19298145746996012,-0.08198850931335452,-0.5679108075511093,-0.17623064278005204,-0.51738049621885,-0.8278515173861266,-1.0061125836935159,0.0023045636753618566,0.20388659545167548,disease
30,-0.19669467811330396,0.8664252330975557,-0.15614260796067694,-1.1011119684625663,-0.02191260681077054,-0.03245508351570145,-0.2720978375740498,-0.21687074207990142,0.5317102868051524,0.7025004561930579,disease
31,-1.570647668063276,-0.6516586821527868,-0.061966902678577476,0.11238032878419789,0.1683274422820017,-0.8637557910068132,-0.2625774319241641,-0.0386548423606982,-0.5646181004636265,0.007112196837665635,disease
32,-0.6441889974150734,0.9839061387541473,-0.7627231348957744,0.5323222086192902,1.4666516308881659,2.1785738815474636,2.3364933104946273,-0.4332757631675054,0.444170757783691,1.4904884325432783,disease
33,-1.1425598685223823,-1.2362435426813163,0.5030873290140194,-0.4244980815128554,-0.6593450641755699,-0.03245508351570145,-0.028137442795729165,-0.7133293198691104,-1.6123134160538157,-1.0390865288250564,disease
34,-0.11477723106370995,-0.720701161301733,0.34068985297638327,-0.16954212411151504,-0.5383831832495298,-0.5116075746390506,-0.8333257506348108,-0.4460054702903056,-0.5535019697942345,-0.6815981983113688,disease
35,-0.4242325461695686,0.31466823625745954,0.18941549173584554,-0.033974196762533077,0.699093513739293,-0.06709261299449777,-0.08597390711878469,0.5723710995337129,0.18849975238767663,-0.45766715192483726,disease
36,-1.7131210858654802,1.8177559297077115,-0.38503159245207885,6.319822441629717,5.812848667676221,3.0733767264163685,3.406110885259284,1.8708012260593365,0.9374490562379578,2.581651443862143,disease
37,-1.6579531660538502,-0.46407989098106595,-0.25377883784631816,0.3717489854482538,0.5451420289243328,0.5044266234056415,0.7387312323025627,-0.3696272275535042,-0.5576705187952565,-0.6504348320150325,disease
38,-1.70916349092653,-0.48197454220470337,-0.16949034571719498,1.27880383389533,-0.17366478469980273,-1.0831268110391898,-0.4489393725206764,-0.9424640480795146,-0.4034342057574435,0.42336573236730185,disease
39,-1.299004073277748,-0.6241078502952675,-0.8311920859801354,1.0495886221931636,-0.5618424571260952,-0.6443847709744365,-0.9932685655528903,2.2017736112521424,-0.41732936909418344,-1.297297278137558,disease
40,-1.4281265683943374,-1.053800012336097,0.9052497240113313,-0.32790899765119375,-0.16010239198991336,0.2504180738944685,-0.30161109508869544,-0.2805192776939026,3.7581672135961597,-0.26089275331082745,disease
41,-0.34732169512708017,-0.9139665449837823,0.27889477077028124,-0.7929584699496002,-0.33897935529872425,-0.8060265752088193,-0.6243528466198202,-0.4460054702903056,-0.8828173408749704,1.0875906254263576,control
42,0.4519217550739065,-0.8768225418276756,0.1459117538627497,-0.7257873811727086,-0.3998268469160657,-0.21718857406928183,-0.609120197580003,-0.3950866417991047,-0.7216334461687874,0.5631556897537252,control
43,2.405257107712829,-0.8784765368791563,-0.5711583800568582,-0.37154569036026935,-0.6479819783916086,-0.7944807320492205,-1.016117539112616,0.050453107498903416,-0.6924536031616336,-0.6130387924594288,control
44,0.4348516467830132,-1.0139781124299743,0.24775004933840583,-0.13105358054227423,-0.5783372590705552,-0.7944807320492205,-0.9168673102125577,-0.6624104913779095,-0.9036600858800803,0.8774604983996322,control
45,-0.979249474957272,0.7579074053866064,-0.6030446424752067,0.7742852181915238,-0.4566422758358724,-0.25182610354807816,-0.5167722627761119,-0.1659519135887005,0.6942836978450093,0.13666276244100697,control
46,0.8137317598540691,-1.0821857178862686,-0.723174282283869,0.44039097397938387,-0.5962982656323006,-0.7078869083522297,-0.8580788053245136,-0.8278966839743125,-0.49236325111257895,-1.663689427593056,control
47,-0.20604032399323438,-0.4410657312647505,0.6583165755157476,-0.3516885436780495,0.2053491088684564,-0.6905681436128316,-0.5998378020713645,-0.7133293198691104,-0.4187188854278574,1.0755704698549138,control
48,0.5943474910093764,-1.0562731287464062,0.23316640993776577,0.2866819496614604,-0.404592011922243,-0.5000617314794518,-0.6909956861690199,-0.3187083990623033,-0.8869858898759924,-0.5792042804805493,control
49,-0.5951720384121731,0.9062156283360312,-0.7155116920903124,0.7355515246632434,-0.3213848998913002,-0.2691448682874763,-0.4201401454297722,-0.11503308509749958,-0.33534790540741793,-0.8222785375919732,control
50,-1.5572490635109268,0.7540323312659948,-0.6769515607937048,0.9132852449670623,-0.44601229236055373,-0.2980094761864732,-0.6488678911682757,-0.06411425660629866,2.0560097048455206,-0.6584482690626619,control
51,1.676630502145398,-0.20456019123685193,0.233907950924239,-1.4872231539501732,-0.5666076221322726,-0.9965329873421991,-0.7676349516505997,-0.4969242987815065,-0.09496157968181751,-0.014256968622679327,control
52,1.4994923672273295,-1.252200656844648,1.2970305451980182,-0.7039690348181709,-0.6542133480150712,-0.4942888098996524,-0.7352655724409883,-0.522383713027107,-1.074570594921981,-1.4219507433229037,control
53,1.7598353595968192,0.5528750283383096,0.2039991311364856,-0.5742847064861428,-0.17696374508869472,0.39474111338945317,0.3179293025776154,-0.02592513523789797,0.5511635154765883,0.49771262053141874,control
54,0.3452574191891906,1.4928010352601613,-0.6344365442359066,-0.47401837323888496,-0.3514420945456496,-0.3211011625056708,-0.35349730588057243,0.5469116852881124,0.9541232522420456,0.20967407776385225,control
55,0.49693343727112227,0.7778813646749623,0.06631968798129032,-0.9349002962336157,-0.48083465202108044,-0.23450733880868,-0.14333435115934592,-0.48419459165870626,0.6817780508419434,-0.24575626110974974,control
56,1.1778781761042143,-1.2598720434167532,0.9319451995243674,-0.8486075106516235,-0.6520140410891433,-0.7482973594108254,-0.7069423656325784,-0.5096540059043068,-1.0120423599066515,-1.550610927032064,control
57,-0.03800942562142451,-0.8180978413332034,-0.727376347873884,0.2516255055187761,-0.6743736615027447,-0.3961491430430628,-1.0406325836610717,0.7633167063757164,-0.785551197517791,-0.7991286083432662,control
58,0.789509371553025,-0.5188192510181612,-0.8934815288438862,0.1498882725172797,-0.16853306853930405,0.019501210702493034,-0.30922741960860395,0.31777695707770826,-0.5243221267870807,0.025810216615467476,control
59,0.12482414927634243,-0.6688129736867139,1.02686244579294,-0.5634981082883939,-0.46177399199637104,-0.5635638688572451,0.7023156806917499,-0.5351134201499073,-0.6063035904738462,-0.03607132503011481,control
60,-0.9395304799675679,-0.7429119519930436,2.3067621884457252,0.1319923255073779,0.01950767362754018,-0.2806907114470751,-0.5853191834552888,-0.8151669768515123,-0.793888295519835,-0.1958948750356115,control
61,0.49864998447355846,-0.5007040671209929,-1.3416194650025381,-0.4007185354859996,-0.42475232540991636,-0.7194327515118285,-0.575560767664156,-1.7062464754475284,-0.5326592247891246,0.7060619837697821,control
62,-0.7866624152172778,-0.1575237224395091,3.021360519077089,-0.16978727407055477,-0.4925642889593631,-0.2287344172288806,-0.3637317419541995,-0.3314381061851035,-0.07967690001140361,-0.18743624704089162,control
63,0.5214895986393068,-0.8111668144508086,0.2282228033612776,-1.3016446349570823,-0.41338923962595503,0.5910204471026324,0.9224750613453564,-1.0952205335531173,-0.6049140741401722,-1.1641851849574927,control
64,-1.3628977747017619,-0.9009078602439976,-0.9634335619011937,-0.0011241022512065296,-0.5526786782680618,-0.06709261299449777,0.6630440073859715,0.34323637132330875,-0.9064391185474282,-0.8930638981793658,control
65,1.4613945557065928,-0.5351701735270834,1.2095287087941777,-0.9910396368537185,-0.6534802457064286,-0.2691448682874763,-0.40990570935614506,-0.6114916628867086,-0.4659624407727731,-0.7403634033273175,control
66,2.1164957227696735,1.0398741808294854,-0.673491036190163,-0.7017626851868131,-0.39102961921235363,-1.2620873800129708,-0.34016873797073244,-0.08957367085189913,0.8499095272164964,-0.1268902782365809,control
67,1.166577573688176,-1.3207233089774146,4.718747837114299,-0.832427613355,-0.7040643050027727,-0.6905681436128316,-0.8038124931201652,-0.522383713027107,-1.2857770776404278,-1.115659371724626,control
68,1.634384368218774,-0.43311080268382013,1.847006776832326,-0.5644787081245529,-0.617558232582938,-0.2691448682874763,-0.20783509943732145,-0.4332757631675054,-0.34090597074211393,-0.7808757795125548,control
69,-0.3442700556560825,-1.1014035651510905,0.1570348686598481,-0.6765122394057188,-0.6938008726817754,0.8046185455552096,1.0236293713753917,0.24139871434090687,-0.9689673535627579,-0.8249496832745163,control
70,0.2771200316258205,-0.04314602654617146,0.4585948698256259,0.518838960872104,-0.41302268847163365,-0.7425244378310261,-0.5881753051502545,-0.7769778554831116,-0.09635109601549151,0.1397790990706406,control
71,0.0007559320335929219,-0.111967973021587,0.1179803767055916,0.15184947218959768,-0.32468386028019225,-0.667476457293634,-0.7117025684575212,-0.7642481483603114,-0.1422051350267332,-0.4456469963533932,control
72,-0.10800640598743384,-0.5610040009978277,1.418148906321978,-0.6311594969833649,-0.5977644702495859,-0.04977384825509961,-0.2918526792975626,-0.7005996127463102,-0.6813374724922417,-0.9518291031953146,control
73,0.21804219874197475,-0.7782759414270807,-0.32076470695773274,-0.2614733587514214,-0.45297676429265904,-0.771389045730023,-0.6219727452073487,0.22866900721810665,-0.7383076421728754,-0.12199317781858518,control
74,0.4908778401958612,-0.7048543134751668,0.6860007723440813,-0.5306480137770673,-0.625255806823686,0.481334937086444,0.1717910758518702,-0.4587351774131058,-0.6007455251391502,-1.1236728087722552,control
75,0.19558403951010117,-0.2817466269726121,0.2494803116401767,0.0545249384508168,-0.3620720780209683,-0.667476457293634,-0.5934115282576916,-0.5987619557639083,-0.41038178742581344,-0.6036897825705279,control
76,-0.13489897882560092,0.9730370284158465,0.1847190654881818,-1.1079761673156794,-0.6443164668483953,0.15227840703787893,-0.06098284228783477,0.5596413924109127,0.6275869138286578,-0.5217746483058722,control
77,0.44181319932622665,-0.9073978217793308,0.5265694602523381,-0.12418938168916122,-0.6135261698854032,0.46401617234704584,0.20701657675644722,-0.26778957057110236,-0.7647084525126812,-1.0154914086292588,control
78,-1.0191591974139136,0.24753178950117186,0.626430313097399,-0.22935871411721412,0.1848222442264617,0.19846177967627404,0.010182189945060711,0.31777695707770826,0.08706506002947531,-0.4888305182211737,control
79,-0.20284563892203367,-0.6126243989378451,-0.8302033646648378,0.06776303623896332,-0.6776726218916367,-0.24028026038847938,-0.6395854956596372,0.11410164311290458,-0.47429953877481706,-0.7857728799305506,control
80,-0.4567515792823877,-0.25731475721217045,1.0117844457346512,-0.8535105098324185,-0.42401922310127366,-0.47119712358045485,-0.4922572182276562,-0.4969242987815065,-1.722085206414061,-0.36818377155964277,control
81,0.12463342180940508,-0.2915918356123774,-0.6851085116449103,1.0515498218654815,-0.46287364545933507,-0.8695287125866126,1.0921762920545686,-0.38235693467630444,-0.40204468942376953,-0.995012625063095,control
